Entity,Code,Year,Annual CO2 emissions including land-use change
Brazil,BRA,1856,46764280
Brazil,BRA,1857,46641948
Brazil,BRA,1858,43965730
Brazil,BRA,1859,33063618
Brazil,BRA,1860,36179200
Brazil,BRA,1861,44131444
Brazil,BRA,1862,45929000
Brazil,BRA,1863,42959948
Brazil,BRA,1864,45467276
Brazil,BRA,1865,35203696
Brazil,BRA,1866,52809910
Brazil,BRA,1867,41772830
Brazil,BRA,1868,60316510
Brazil,BRA,1869,54310200
Brazil,BRA,1870,37564604
Brazil,BRA,1871,56732336
Brazil,BRA,1872,66389092
Brazil,BRA,1873,61792424
Brazil,BRA,1874,55455890
Brazil,BRA,1875,73199480
Brazil,BRA,1876,49734236
Brazil,BRA,1877,63293788
Brazil,BRA,1878,66634096
Brazil,BRA,1879,58398890
Brazil,BRA,1880,91241680
Brazil,BRA,1881,105394696
Brazil,BRA,1882,116963710
Brazil,BRA,1883,125446070
Brazil,BRA,1884,133872590
Brazil,BRA,1885,125859620
Brazil,BRA,1886,122328630
Brazil,BRA,1887,136951570
Brazil,BRA,1888,126713390
Brazil,BRA,1889,140008000
Brazil,BRA,1890,126463980
Brazil,BRA,1891,158368940
Brazil,BRA,1892,118492800
Brazil,BRA,1893,160427440
Brazil,BRA,1894,117280080
Brazil,BRA,1895,134883230
Brazil,BRA,1896,136271280
Brazil,BRA,1897,139705230
Brazil,BRA,1898,126545176
Brazil,BRA,1899,140765060
Brazil,BRA,1900,169644370
Brazil,BRA,1901,197499580
Brazil,BRA,1902,201411710
Brazil,BRA,1903,189465230
Brazil,BRA,1904,209178540
Brazil,BRA,1905,216449020
Brazil,BRA,1906,214945010
Brazil,BRA,1907,197349620
Brazil,BRA,1908,220153390
Brazil,BRA,1909,223505250
Brazil,BRA,1910,271018750
Brazil,BRA,1911,336551900
Brazil,BRA,1912,333435000
Brazil,BRA,1913,338563650
Brazil,BRA,1914,345526940
Brazil,BRA,1915,346355740
Brazil,BRA,1916,371712420
Brazil,BRA,1917,362266240
Brazil,BRA,1918,363526340
Brazil,BRA,1919,373071900
Brazil,BRA,1920,414999940
Brazil,BRA,1921,409265000
Brazil,BRA,1922,448326300
Brazil,BRA,1923,459798500
Brazil,BRA,1924,452462050
Brazil,BRA,1925,467389980
Brazil,BRA,1926,462817250
Brazil,BRA,1927,499385150
Brazil,BRA,1928,479679780
Brazil,BRA,1929,480453120
Brazil,BRA,1930,329799000
Brazil,BRA,1931,263954880
Brazil,BRA,1932,264845950
Brazil,BRA,1933,245958860
Brazil,BRA,1934,230012590
Brazil,BRA,1935,203690690
Brazil,BRA,1936,207473980
Brazil,BRA,1937,194026670
Brazil,BRA,1938,197957570
Brazil,BRA,1939,186614420
Brazil,BRA,1940,328405540
Brazil,BRA,1941,394396300
Brazil,BRA,1942,426271680
Brazil,BRA,1943,443285400
Brazil,BRA,1944,462042660
Brazil,BRA,1945,472763740
Brazil,BRA,1946,487290180
Brazil,BRA,1947,498596400
Brazil,BRA,1948,502980500
Brazil,BRA,1949,512480060
Brazil,BRA,1950,700217200
Brazil,BRA,1951,784979840
Brazil,BRA,1952,837160900
Brazil,BRA,1953,871440800
Brazil,BRA,1954,911159550
Brazil,BRA,1955,936584700
Brazil,BRA,1956,970413200
Brazil,BRA,1957,992245600
Brazil,BRA,1958,1025308200
Brazil,BRA,1959,1059967000
Brazil,BRA,1960,1121811600
Brazil,BRA,1961,1170127900
Brazil,BRA,1962,1216424400
Brazil,BRA,1963,1239396900
Brazil,BRA,1964,1256805100
Brazil,BRA,1965,1263522000
Brazil,BRA,1966,1291124900
Brazil,BRA,1967,1276983600
Brazil,BRA,1968,1301877900
Brazil,BRA,1969,1299415300
Brazil,BRA,1970,1340307700
Brazil,BRA,1971,1323793000
Brazil,BRA,1972,1362291000
Brazil,BRA,1973,1382465500
Brazil,BRA,1974,1405923800
Brazil,BRA,1975,1441611400
Brazil,BRA,1976,1474536200
Brazil,BRA,1977,1509000000
Brazil,BRA,1978,1562267000
Brazil,BRA,1979,1611293200
Brazil,BRA,1980,1673681200
Brazil,BRA,1981,1657413000
Brazil,BRA,1982,1721006600
Brazil,BRA,1983,1690496600
Brazil,BRA,1984,2113866000
Brazil,BRA,1985,1578538400
Brazil,BRA,1986,1758323800
Brazil,BRA,1987,1731443200
Brazil,BRA,1988,1684833500
Brazil,BRA,1989,1643554800
Brazil,BRA,1990,1684104100
Brazil,BRA,1991,1692107900
Brazil,BRA,1992,1778138400
Brazil,BRA,1993,1698408200
Brazil,BRA,1994,2097899300
Brazil,BRA,1995,2045516500
Brazil,BRA,1996,1979018800
Brazil,BRA,1997,2088945500
Brazil,BRA,1998,2337889300
Brazil,BRA,1999,2379741700
Brazil,BRA,2000,2193675800
Brazil,BRA,2001,2094903600
Brazil,BRA,2002,2242239700
Brazil,BRA,2003,3149881900
Brazil,BRA,2004,2560971300
Brazil,BRA,2005,2279558400
Brazil,BRA,2006,2091557400
Brazil,BRA,2007,1906509300
Brazil,BRA,2008,1759048400
Brazil,BRA,2009,1519997400
Brazil,BRA,2010,1443258500
Brazil,BRA,2011,1462667100
Brazil,BRA,2012,1647961300
Brazil,BRA,2013,1744983000
Brazil,BRA,2014,1789291800
Brazil,BRA,2015,1778048000
Brazil,BRA,2016,1642292600
Brazil,BRA,2017,1522140300
Brazil,BRA,2018,1537754600
Brazil,BRA,2019,1593299700
Brazil,BRA,2020,1684446500
Brazil,BRA,2021,1979591700
Brazil,BRA,2022,1811551500
Brazil,BRA,2023,1788815900
China,CHN,1907,213861950
China,CHN,1908,221133920
China,CHN,1909,222517570
China,CHN,1910,253871060
China,CHN,1911,272104100
China,CHN,1912,271350800
China,CHN,1913,296113900
China,CHN,1914,314574720
China,CHN,1915,314099360
China,CHN,1916,321291200
China,CHN,1917,335282600
China,CHN,1918,347508900
China,CHN,1919,341728900
China,CHN,1920,315946600
China,CHN,1921,315457470
China,CHN,1922,310121150
China,CHN,1923,323991140
China,CHN,1924,314710460
China,CHN,1925,319435140
China,CHN,1926,324063680
China,CHN,1927,323839580
China,CHN,1928,332634900
China,CHN,1929,335199170
China,CHN,1930,400736420
China,CHN,1931,428063500
China,CHN,1932,450739550
China,CHN,1933,473781470
China,CHN,1934,500863870
China,CHN,1935,519147400
China,CHN,1936,531014460
China,CHN,1937,546874500
China,CHN,1938,537657540
China,CHN,1939,566535100
China,CHN,1940,648122050
China,CHN,1941,697249000
China,CHN,1942,736406500
China,CHN,1943,741150660
China,CHN,1944,751335940
China,CHN,1945,718990200
China,CHN,1946,722305100
China,CHN,1947,730651300
China,CHN,1948,732054140
China,CHN,1949,777110600
China,CHN,1950,1098664700
China,CHN,1951,1404695900
China,CHN,1952,1079297900
China,CHN,1953,1005682300
China,CHN,1954,1307722500
China,CHN,1955,1273606800
China,CHN,1956,1123306600
China,CHN,1957,1116588500
China,CHN,1958,1095966100
China,CHN,1959,1283152600
China,CHN,1960,1214207600
China,CHN,1961,1496516400
China,CHN,1962,1464146200
China,CHN,1963,1588356600
China,CHN,1964,1446045600
China,CHN,1965,1796670700
China,CHN,1966,1568006900
China,CHN,1967,1185891800
China,CHN,1968,1325184500
China,CHN,1969,2132727700
China,CHN,1970,2089487900
China,CHN,1971,1739566300
China,CHN,1972,2463378200
China,CHN,1973,2366074400
China,CHN,1974,2356580000
China,CHN,1975,2340613600
China,CHN,1976,2202923500
China,CHN,1977,2889437200
China,CHN,1978,3300911900
China,CHN,1979,2612912000
China,CHN,1980,2554014700
China,CHN,1981,2466619000
China,CHN,1982,2551509000
China,CHN,1983,2588784400
China,CHN,1984,2699097600
China,CHN,1985,2770464300
China,CHN,1986,2855445500
China,CHN,1987,2974539800
China,CHN,1988,3154797800
China,CHN,1989,3215552000
China,CHN,1990,3252398800
China,CHN,1991,3330301200
China,CHN,1992,3528995800
China,CHN,1993,3702735400
China,CHN,1994,3997346600
China,CHN,1995,4160353500
China,CHN,1996,4343860000
China,CHN,1997,4384324600
China,CHN,1998,4216270300
China,CHN,1999,4339629600
China,CHN,2000,4259394300
China,CHN,2001,4221177600
China,CHN,2002,4488690700
China,CHN,2003,5192515600
China,CHN,2004,5579754500
China,CHN,2005,6207762400
China,CHN,2006,6824091000
China,CHN,2007,7294759000
China,CHN,2008,7814796300
China,CHN,2009,8211935000
China,CHN,2010,8579336700
China,CHN,2011,9549341000
China,CHN,2012,9795438000
China,CHN,2013,9973596000
China,CHN,2014,9859566000
China,CHN,2015,9828969000
China,CHN,2016,9618938000
China,CHN,2017,9826776000
China,CHN,2018,10156673000
China,CHN,2019,10488223000
China,CHN,2020,10653655000
China,CHN,2021,11169235000
China,CHN,2022,11064459000
China,CHN,2023,11605929000
European Union (27),,1850,293959100
European Union (27),,1851,252813700
European Union (27),,1852,255876100
European Union (27),,1853,259060130
European Union (27),,1854,267320980
European Union (27),,1855,319401100
European Union (27),,1856,272655420
European Union (27),,1857,272986850
European Union (27),,1858,348735170
European Union (27),,1859,343443100
European Union (27),,1860,404037020
European Union (27),,1861,407224450
European Union (27),,1862,411651740
European Union (27),,1863,411393380
European Union (27),,1864,417638300
European Union (27),,1865,425688600
European Union (27),,1866,425594240
European Union (27),,1867,454420900
European Union (27),,1868,457953280
European Union (27),,1869,462690180
European Union (27),,1870,476043870
European Union (27),,1871,493278340
European Union (27),,1872,521263650
European Union (27),,1873,539639800
European Union (27),,1874,508793820
European Union (27),,1875,545156350
European Union (27),,1876,543692500
European Union (27),,1877,537469000
European Union (27),,1878,546049700
European Union (27),,1879,573220900
European Union (27),,1880,607678700
European Union (27),,1881,613900350
European Union (27),,1882,629049300
European Union (27),,1883,664196200
European Union (27),,1884,649335040
European Union (27),,1885,664055600
European Union (27),,1886,652490560
European Union (27),,1887,678298400
European Union (27),,1888,720436600
European Union (27),,1889,726760640
European Union (27),,1890,766193150
European Union (27),,1891,786136900
European Union (27),,1892,796365100
European Union (27),,1893,804073200
European Union (27),,1894,828317600
European Union (27),,1895,842630100
European Union (27),,1896,873800700
European Union (27),,1897,905610600
European Union (27),,1898,930794100
European Union (27),,1899,960887600
European Union (27),,1900,1021862850
European Union (27),,1901,1021122800
European Union (27),,1902,1011220000
European Union (27),,1903,1061619140
European Union (27),,1904,1080821400
European Union (27),,1905,1118464600
European Union (27),,1906,1137054700
European Union (27),,1907,1254948000
European Union (27),,1908,1288612500
European Union (27),,1909,1281266400
European Union (27),,1910,1264344300
European Union (27),,1911,1268533400
European Union (27),,1912,1307824300
European Union (27),,1913,1393193100
European Union (27),,1914,1198555900
European Union (27),,1915,1105587200
European Union (27),,1916,1141888500
European Union (27),,1917,1122557700
European Union (27),,1918,1064749440
European Union (27),,1919,871157500
European Union (27),,1920,1080619300
European Union (27),,1921,1137337200
European Union (27),,1922,1184445300
European Union (27),,1923,1100064400
European Union (27),,1924,1273705900
European Union (27),,1925,1297019500
European Union (27),,1926,1267836200
European Union (27),,1927,1392778800
European Union (27),,1928,1428060800
European Union (27),,1929,1542834300
European Union (27),,1930,1392835200
European Union (27),,1931,1262784900
European Union (27),,1932,1136060700
European Union (27),,1933,1153428500
European Union (27),,1934,1214210400
European Union (27),,1935,1252835700
European Union (27),,1936,1286989200
European Union (27),,1937,1412056600
European Union (27),,1938,1426909700
European Union (27),,1939,1453005400
European Union (27),,1940,1461524000
European Union (27),,1941,1406046300
European Union (27),,1942,1413600600
European Union (27),,1943,1438306400
European Union (27),,1944,1236864400
European Union (27),,1945,576267900
European Union (27),,1946,920545000
European Union (27),,1947,1052515460
European Union (27),,1948,1145571300
European Union (27),,1949,1260576300
European Union (27),,1950,1357856800
European Union (27),,1951,1495650200
European Union (27),,1952,1580022500
European Union (27),,1953,1587986300
European Union (27),,1954,1669846100
European Union (27),,1955,1795621500
European Union (27),,1956,1906829400
European Union (27),,1957,1957384300
European Union (27),,1958,1918821900
European Union (27),,1959,1899900000
European Union (27),,1960,2042898300
European Union (27),,1961,2130157400
European Union (27),,1962,2266553300
European Union (27),,1963,2403399400
European Union (27),,1964,2528640500
European Union (27),,1965,2554968300
European Union (27),,1966,2653324800
European Union (27),,1967,2701994000
European Union (27),,1968,2904153900
European Union (27),,1969,3048279600
European Union (27),,1970,3185147600
European Union (27),,1971,3254764800
European Union (27),,1972,3368891400
European Union (27),,1973,3554396400
European Union (27),,1974,3527790000
European Union (27),,1975,3467882200
European Union (27),,1976,3739701000
European Union (27),,1977,3714975500
European Union (27),,1978,3834652400
European Union (27),,1979,3943420000
European Union (27),,1980,3909635600
European Union (27),,1981,3703235800
European Union (27),,1982,3614104000
European Union (27),,1983,3595309800
European Union (27),,1984,3623029200
European Union (27),,1985,3688265700
European Union (27),,1986,3684998000
European Union (27),,1987,3704842200
European Union (27),,1988,3665943600
European Union (27),,1989,3714656300
European Union (27),,1990,3725521000
European Union (27),,1991,3676594700
European Union (27),,1992,3548280600
European Union (27),,1993,3483472600
European Union (27),,1994,3449329700
European Union (27),,1995,3507208000
European Union (27),,1996,3587863300
European Union (27),,1997,3516320800
European Union (27),,1998,3553217300
European Union (27),,1999,3468019500
European Union (27),,2000,3412589300
European Union (27),,2001,3435819000
European Union (27),,2002,3444745200
European Union (27),,2003,3536445700
European Union (27),,2004,3561657300
European Union (27),,2005,3535792600
European Union (27),,2006,3514068000
European Union (27),,2007,3561264600
European Union (27),,2008,3443680000
European Union (27),,2009,3169816300
European Union (27),,2010,3253667300
European Union (27),,2011,3190529500
European Union (27),,2012,3114726700
European Union (27),,2013,3016547600
European Union (27),,2014,2887490000
European Union (27),,2015,2945047300
European Union (27),,2016,2946842400
European Union (27),,2017,2999456500
European Union (27),,2018,2978191400
European Union (27),,2019,2787921400
European Union (27),,2020,2499515100
European Union (27),,2021,2672406000
European Union (27),,2022,2613702000
European Union (27),,2023,2387231200
France,FRA,1850,61388156
France,FRA,1851,56071880
France,FRA,1852,54131896
France,FRA,1853,54349800
France,FRA,1854,55969250
France,FRA,1855,56832304
France,FRA,1856,55472300
France,FRA,1857,53485972
France,FRA,1858,50767028
France,FRA,1859,48106160
France,FRA,1860,50347024
France,FRA,1861,51245620
France,FRA,1862,51759130
France,FRA,1863,50214572
France,FRA,1864,51413576
France,FRA,1865,52426710
France,FRA,1866,54326936
France,FRA,1867,56150730
France,FRA,1868,55880324
France,FRA,1869,56656800
France,FRA,1870,50885376
France,FRA,1871,50751932
France,FRA,1872,62020420
France,FRA,1873,66833416
France,FRA,1874,64384616
France,FRA,1875,67004816
France,FRA,1876,66859240
France,FRA,1877,65194760
France,FRA,1878,66471188
France,FRA,1879,67923050
France,FRA,1880,76440240
France,FRA,1881,76988850
France,FRA,1882,80218000
France,FRA,1883,82957944
France,FRA,1884,78636770
France,FRA,1885,74650220
France,FRA,1886,72247490
France,FRA,1887,77957060
France,FRA,1888,80232510
France,FRA,1889,82108150
France,FRA,1890,89476750
France,FRA,1891,88160270
France,FRA,1892,86892020
France,FRA,1893,83224536
France,FRA,1894,87951240
France,FRA,1895,87547944
France,FRA,1896,89439704
France,FRA,1897,92929010
France,FRA,1898,95478090
France,FRA,1899,99126960
France,FRA,1900,108296490
France,FRA,1901,102660510
France,FRA,1902,95325300
France,FRA,1903,106402520
France,FRA,1904,102053576
France,FRA,1905,103218400
France,FRA,1906,111717590
France,FRA,1907,119842510
France,FRA,1908,119951260
France,FRA,1909,122669510
France,FRA,1910,116579280
France,FRA,1911,118037260
France,FRA,1912,114495200
France,FRA,1913,121877420
France,FRA,1914,64114800
France,FRA,1915,44367636
France,FRA,1916,46765790
France,FRA,1917,53755384
France,FRA,1918,37872310
France,FRA,1919,40938610
France,FRA,1920,81441850
France,FRA,1921,71853460
France,FRA,1922,99990520
France,FRA,1923,123393850
France,FRA,1924,147945980
France,FRA,1925,157794190
France,FRA,1926,160962500
France,FRA,1927,162011230
France,FRA,1928,163216900
France,FRA,1929,188137820
France,FRA,1930,188698400
France,FRA,1931,166675970
France,FRA,1932,140296620
France,FRA,1933,147202180
France,FRA,1934,148278340
France,FRA,1935,141254140
France,FRA,1936,143120640
France,FRA,1937,161761120
France,FRA,1938,145554160
France,FRA,1939,136972560
France,FRA,1940,80937576
France,FRA,1941,64079060
France,FRA,1942,67372504
France,FRA,1943,71331780
France,FRA,1944,26620536
France,FRA,1945,54295880
France,FRA,1946,112646320
France,FRA,1947,131804160
France,FRA,1948,145193300
France,FRA,1949,179104400
France,FRA,1950,154362270
France,FRA,1951,185179220
France,FRA,1952,190060260
France,FRA,1953,183597090
France,FRA,1954,200926880
France,FRA,1955,218149760
France,FRA,1956,252148580
France,FRA,1957,267174290
France,FRA,1958,261093500
France,FRA,1959,231966620
France,FRA,1960,264044050
France,FRA,1961,283006900
France,FRA,1962,298729150
France,FRA,1963,297232640
France,FRA,1964,325806460
France,FRA,1965,316446660
France,FRA,1966,332111420
France,FRA,1967,349441180
France,FRA,1968,366137730
France,FRA,1969,382369900
France,FRA,1970,406916350
France,FRA,1971,436811070
France,FRA,1972,460670620
France,FRA,1973,493573470
France,FRA,1974,477795940
France,FRA,1975,433632600
France,FRA,1976,477352770
France,FRA,1977,468232350
France,FRA,1978,486642100
France,FRA,1979,489923460
France,FRA,1980,472151300
France,FRA,1981,423682370
France,FRA,1982,403609730
France,FRA,1983,391290100
France,FRA,1984,381845950
France,FRA,1985,376280160
France,FRA,1986,365986080
France,FRA,1987,353563970
France,FRA,1988,359750270
France,FRA,1989,380333860
France,FRA,1990,379751650
France,FRA,1991,406825300
France,FRA,1992,402688420
France,FRA,1993,379221730
France,FRA,1994,371402080
France,FRA,1995,374322850
France,FRA,1996,390171070
France,FRA,1997,380699500
France,FRA,1998,399012260
France,FRA,1999,394481900
France,FRA,2000,387421300
France,FRA,2001,388564450
France,FRA,2002,382665660
France,FRA,2003,389806080
France,FRA,2004,388981700
France,FRA,2005,391601380
France,FRA,2006,383037440
France,FRA,2007,370073500
France,FRA,2008,360980200
France,FRA,2009,342905300
France,FRA,2010,347972860
France,FRA,2011,327191520
France,FRA,2012,332681730
France,FRA,2013,337580400
France,FRA,2014,306303070
France,FRA,2015,317278900
France,FRA,2016,315775000
France,FRA,2017,345108640
France,FRA,2018,303049820
France,FRA,2019,292145340
France,FRA,2020,258027230
France,FRA,2021,281797730
France,FRA,2022,268743100
France,FRA,2023,246975570
Germany,DEU,1850,40345110
Germany,DEU,1851,40786000
Germany,DEU,1852,43039544
Germany,DEU,1853,44305384
Germany,DEU,1854,47327930
Germany,DEU,1855,50556640
Germany,DEU,1856,52784464
Germany,DEU,1857,54087130
Germany,DEU,1858,56176744
Germany,DEU,1859,53989370
Germany,DEU,1860,57849390
Germany,DEU,1861,62337350
Germany,DEU,1862,66033490
Germany,DEU,1863,69241140
Germany,DEU,1864,76469070
Germany,DEU,1865,83083144
Germany,DEU,1866,82145860
Germany,DEU,1867,88994420
Germany,DEU,1868,93630440
Germany,DEU,1869,96789140
Germany,DEU,1870,95665020
Germany,DEU,1871,104463060
Germany,DEU,1872,111731040
Germany,DEU,1873,118053600
Germany,DEU,1874,91279290
Germany,DEU,1875,120813220
Germany,DEU,1876,122965160
Germany,DEU,1877,120567180
Germany,DEU,1878,123730680
Germany,DEU,1879,129902980
Germany,DEU,1880,143145400
Germany,DEU,1881,152072820
Germany,DEU,1882,160790430
Germany,DEU,1883,169366900
Germany,DEU,1884,173406640
Germany,DEU,1885,176681630
Germany,DEU,1886,177921740
Germany,DEU,1887,185564960
Germany,DEU,1888,200766130
Germany,DEU,1889,213087650
Germany,DEU,1890,222981810
Germany,DEU,1891,236653840
Germany,DEU,1892,231856420
Germany,DEU,1893,238180740
Germany,DEU,1894,247537860
Germany,DEU,1895,256459920
Germany,DEU,1896,275182560
Germany,DEU,1897,292657600
Germany,DEU,1898,304691780
Germany,DEU,1899,323013200
Germany,DEU,1900,356391260
Germany,DEU,1901,356704800
Germany,DEU,1902,351081340
Germany,DEU,1903,377205400
Germany,DEU,1904,391027420
Germany,DEU,1905,418041200
Germany,DEU,1906,398211620
Germany,DEU,1907,479596800
Germany,DEU,1908,484307870
Germany,DEU,1909,483713340
Germany,DEU,1910,472796160
Germany,DEU,1911,483013900
Germany,DEU,1912,520042560
Germany,DEU,1913,553286400
Germany,DEU,1914,513296900
Germany,DEU,1915,476340030
Germany,DEU,1916,512149700
Germany,DEU,1917,533999940
Germany,DEU,1918,511972830
Germany,DEU,1919,393979520
Germany,DEU,1920,437840900
Germany,DEU,1921,483104000
Germany,DEU,1922,464977100
Germany,DEU,1923,342071550
Germany,DEU,1924,461516130
Germany,DEU,1925,468969730
Germany,DEU,1926,424058340
Germany,DEU,1927,491968100
Germany,DEU,1928,516801340
Germany,DEU,1929,551248600
Germany,DEU,1930,475551580
Germany,DEU,1931,399243550
Germany,DEU,1932,362230560
Germany,DEU,1933,380185380
Germany,DEU,1934,424660670
Germany,DEU,1935,467955300
Germany,DEU,1936,515530180
Germany,DEU,1937,579763840
Germany,DEU,1938,618679100
Germany,DEU,1939,665655550
Germany,DEU,1940,667441660
Germany,DEU,1941,672682560
Germany,DEU,1942,679048770
Germany,DEU,1943,690300300
Germany,DEU,1944,610029630
Germany,DEU,1945,124732780
Germany,DEU,1946,279323680
Germany,DEU,1947,325101700
Germany,DEU,1948,384706270
Germany,DEU,1949,438717630
Germany,DEU,1950,507858100
Germany,DEU,1951,565973760
Germany,DEU,1952,592613250
Germany,DEU,1953,597867970
Germany,DEU,1954,626382500
Germany,DEU,1955,683506700
Germany,DEU,1956,719464500
Germany,DEU,1957,725475000
Germany,DEU,1958,697133630
Germany,DEU,1959,691518200
Germany,DEU,1960,751600700
Germany,DEU,1961,774842400
Germany,DEU,1962,825691300
Germany,DEU,1963,893398100
Germany,DEU,1964,921811260
Germany,DEU,1965,913336000
Germany,DEU,1966,903865100
Germany,DEU,1967,889281660
Germany,DEU,1968,939439200
Germany,DEU,1969,1005114560
Germany,DEU,1970,980761400
Germany,DEU,1971,995783940
Germany,DEU,1972,1000660740
Germany,DEU,1973,1046292400
Germany,DEU,1974,1025648500
Germany,DEU,1975,967462700
Germany,DEU,1976,1056691000
Germany,DEU,1977,1019706800
Germany,DEU,1978,1046470100
Germany,DEU,1979,1085713300
Germany,DEU,1980,1068285400
Germany,DEU,1981,1017302200
Germany,DEU,1982,985263740
Germany,DEU,1983,981952500
Germany,DEU,1984,1004531200
Germany,DEU,1985,1016557100
Germany,DEU,1986,1020196800
Germany,DEU,1987,1007967500
Germany,DEU,1988,1004996600
Germany,DEU,1989,987167170
Germany,DEU,1990,1017923900
Germany,DEU,1991,979147700
Germany,DEU,1992,953201540
Germany,DEU,1993,946954300
Germany,DEU,1994,930640500
Germany,DEU,1995,923512400
Germany,DEU,1996,942895400
Germany,DEU,1997,918808060
Germany,DEU,1998,906400830
Germany,DEU,1999,876646340
Germany,DEU,2000,880786750
Germany,DEU,2001,895807200
Germany,DEU,2002,884169540
Germany,DEU,2003,882330700
Germany,DEU,2004,864374340
Germany,DEU,2005,853163840
Germany,DEU,2006,873586400
Germany,DEU,2007,834270660
Germany,DEU,2008,844444160
Germany,DEU,2009,774507700
Germany,DEU,2010,815229000
Germany,DEU,2011,791245300
Germany,DEU,2012,805595000
Germany,DEU,2013,824682800
Germany,DEU,2014,787677100
Germany,DEU,2015,794870000
Germany,DEU,2016,794372200
Germany,DEU,2017,780025900
Germany,DEU,2018,751760060
Germany,DEU,2019,700945900
Germany,DEU,2020,640429600
Germany,DEU,2021,670230660
Germany,DEU,2022,662833400
Germany,DEU,2023,587501250
India,IND,1858,128178840
India,IND,1859,123025624
India,IND,1860,122298460
India,IND,1861,119583090
India,IND,1862,116690080
India,IND,1863,115616370
India,IND,1864,113271600
India,IND,1865,114496680
India,IND,1866,113184840
India,IND,1878,111448700
India,IND,1879,110995500
India,IND,1880,114927110
India,IND,1881,117390460
India,IND,1882,120702216
India,IND,1883,120687130
India,IND,1884,121617620
India,IND,1885,122110024
India,IND,1886,122711460
India,IND,1887,123787010
India,IND,1888,125229080
India,IND,1889,124551816
India,IND,1890,123959480
India,IND,1891,123269770
India,IND,1892,122804936
India,IND,1893,121650740
India,IND,1894,121082024
India,IND,1895,123006750
India,IND,1896,122669310
India,IND,1897,123317890
India,IND,1898,124218904
India,IND,1899,124392750
India,IND,1900,121602720
India,IND,1901,119980000
India,IND,1902,120046800
India,IND,1903,118649190
India,IND,1904,120081650
India,IND,1905,119062856
India,IND,1906,118934460
India,IND,1907,119807416
India,IND,1908,123071090
India,IND,1909,121070290
India,IND,1910,123850720
India,IND,1911,126600980
India,IND,1912,130013190
India,IND,1913,133774430
India,IND,1914,133448300
India,IND,1915,134658450
India,IND,1916,134317600
India,IND,1917,135966190
India,IND,1918,140008620
India,IND,1919,144019400
India,IND,1920,298929000
India,IND,1921,368822400
India,IND,1922,407255100
India,IND,1923,431438660
India,IND,1924,452387400
India,IND,1925,466504900
India,IND,1926,475905100
India,IND,1927,487530140
India,IND,1928,491438530
India,IND,1929,502569400
India,IND,1930,514733280
India,IND,1931,515897400
India,IND,1932,516214430
India,IND,1933,520377950
India,IND,1934,527094240
India,IND,1935,531307970
India,IND,1936,534351100
India,IND,1937,542040640
India,IND,1938,549487740
India,IND,1939,552836160
India,IND,1940,558961900
India,IND,1941,562961500
India,IND,1942,566101900
India,IND,1943,561703100
India,IND,1944,567889540
India,IND,1945,571865540
India,IND,1946,573029060
India,IND,1947,576211300
India,IND,1948,576146240
India,IND,1949,578610370
India,IND,1950,716766850
India,IND,1951,759043600
India,IND,1952,788200960
India,IND,1953,805679360
India,IND,1954,826102700
India,IND,1955,839261600
India,IND,1956,851622300
India,IND,1957,867809340
India,IND,1958,882140400
India,IND,1959,892364500
India,IND,1960,590670800
India,IND,1961,796431900
India,IND,1962,531393020
India,IND,1963,499389900
India,IND,1964,490407040
India,IND,1965,477362180
India,IND,1966,564304830
India,IND,1967,574200640
India,IND,1968,437064000
India,IND,1969,486063870
India,IND,1970,376376450
India,IND,1971,426866660
India,IND,1972,588229700
India,IND,1973,548901200
India,IND,1974,519284320
India,IND,1975,472986300
India,IND,1976,431925730
India,IND,1977,657235900
India,IND,1978,523845300
India,IND,1979,454847200
India,IND,1980,484421250
India,IND,1981,540794600
India,IND,1982,475277380
India,IND,1983,676772000
India,IND,1984,556335600
India,IND,1985,558767100
India,IND,1986,627170800
India,IND,1987,587029000
India,IND,1988,716182000
India,IND,1989,708839360
India,IND,1990,751029700
India,IND,1991,751029500
India,IND,1992,824228100
India,IND,1993,809757500
India,IND,1994,832007500
India,IND,1995,846720200
India,IND,1996,986750340
India,IND,1997,960649600
India,IND,1998,971868800
India,IND,1999,1044340600
India,IND,2000,1178326100
India,IND,2001,1142869600
India,IND,2002,1117956000
India,IND,2003,1175457700
India,IND,2004,1204298400
India,IND,2005,1238216200
India,IND,2006,1330757800
India,IND,2007,1484245800
India,IND,2008,1639076700
India,IND,2009,1694796900
India,IND,2010,1794289900
India,IND,2011,1862740100
India,IND,2012,2085191000
India,IND,2013,2213367300
India,IND,2014,2242132200
India,IND,2015,2367592200
India,IND,2016,2476599000
India,IND,2017,2505168600
India,IND,2018,2697299700
India,IND,2019,2665538300
India,IND,2020,2460550700
India,IND,2021,2687043300
India,IND,2022,2823009800
India,IND,2023,3037990000
Japan,JPN,1868,17059878
Japan,JPN,1869,18820832
Japan,JPN,1870,16349868
Japan,JPN,1871,19031182
Japan,JPN,1872,17100766
Japan,JPN,1873,19082442
Japan,JPN,1874,19861188
Japan,JPN,1875,21606498
Japan,JPN,1876,24471088
Japan,JPN,1877,22056510
Japan,JPN,1878,23639798
Japan,JPN,1879,22235352
Japan,JPN,1880,24411730
Japan,JPN,1881,25068244
Japan,JPN,1882,25179264
Japan,JPN,1883,27737726
Japan,JPN,1884,27319700
Japan,JPN,1885,28478806
Japan,JPN,1886,32054796
Japan,JPN,1887,30311394
Japan,JPN,1888,32119028
Japan,JPN,1889,32915910
Japan,JPN,1890,36274184
Japan,JPN,1891,38650620
Japan,JPN,1892,39007676
Japan,JPN,1893,38993790
Japan,JPN,1894,42796948
Japan,JPN,1895,43787770
Japan,JPN,1896,49906428
Japan,JPN,1897,53380010
Japan,JPN,1898,56169304
Japan,JPN,1899,60088390
Japan,JPN,1900,57506628
Japan,JPN,1901,64588990
Japan,JPN,1902,65121410
Japan,JPN,1903,65074030
Japan,JPN,1904,74316290
Japan,JPN,1905,75265520
Japan,JPN,1906,74707600
Japan,JPN,1907,79593660
Japan,JPN,1908,85332584
Japan,JPN,1909,88330940
Japan,JPN,1910,88850500
Japan,JPN,1911,93296430
Japan,JPN,1912,98971896
Japan,JPN,1913,102570530
Japan,JPN,1914,107385720
Japan,JPN,1915,103365980
Japan,JPN,1916,112934510
Japan,JPN,1917,120813000
Japan,JPN,1918,127252920
Japan,JPN,1919,131605970
Japan,JPN,1920,130000296
Japan,JPN,1921,124702264
Japan,JPN,1922,133437790
Japan,JPN,1923,142541470
Japan,JPN,1924,145224620
Japan,JPN,1925,146640160
Japan,JPN,1926,147668000
Japan,JPN,1927,157024640
Japan,JPN,1928,159916620
Japan,JPN,1929,163816670
Japan,JPN,1930,154709730
Japan,JPN,1931,146149600
Japan,JPN,1932,148772600
Japan,JPN,1933,162148860
Japan,JPN,1934,175981360
Japan,JPN,1935,176155460
Japan,JPN,1936,185757220
Japan,JPN,1937,196888340
Japan,JPN,1938,210159300
Japan,JPN,1939,201255700
Japan,JPN,1940,228232800
Japan,JPN,1941,228274690
Japan,JPN,1942,223870480
Japan,JPN,1943,231065710
Japan,JPN,1944,215765060
Japan,JPN,1945,150185540
Japan,JPN,1946,130300810
Japan,JPN,1947,144037700
Japan,JPN,1948,164397440
Japan,JPN,1949,172104460
Japan,JPN,1950,182733230
Japan,JPN,1951,192836620
Japan,JPN,1952,204173280
Japan,JPN,1953,219546190
Japan,JPN,1954,209389570
Japan,JPN,1955,212285920
Japan,JPN,1956,229127740
Japan,JPN,1957,263840060
Japan,JPN,1958,253131950
Japan,JPN,1959,278161600
Japan,JPN,1960,301036160
Japan,JPN,1961,353806100
Japan,JPN,1962,353483870
Japan,JPN,1963,387771680
Japan,JPN,1964,416973020
Japan,JPN,1965,439748700
Japan,JPN,1966,470378100
Japan,JPN,1967,541798900
Japan,JPN,1968,605316030
Japan,JPN,1969,700308600
Japan,JPN,1970,812393000
Japan,JPN,1971,835892800
Japan,JPN,1972,890564300
Japan,JPN,1973,942646700
Japan,JPN,1974,941654600
Japan,JPN,1975,894085600
Japan,JPN,1976,926526900
Japan,JPN,1977,951963200
Japan,JPN,1978,922000830
Japan,JPN,1979,968351740
Japan,JPN,1980,958388740
Japan,JPN,1981,937911040
Japan,JPN,1982,909435460
Japan,JPN,1983,888196500
Japan,JPN,1984,950106400
Japan,JPN,1985,921785600
Japan,JPN,1986,920559400
Japan,JPN,1987,909865860
Japan,JPN,1988,988188900
Japan,JPN,1989,1021975940
Japan,JPN,1990,1160752400
Japan,JPN,1991,1171016100
Japan,JPN,1992,1179860500
Japan,JPN,1993,1169313900
Japan,JPN,1994,1230187400
Japan,JPN,1995,1233660300
Japan,JPN,1996,1246332300
Japan,JPN,1997,1239913100
Japan,JPN,1998,1201909100
Japan,JPN,1999,1230295900
Japan,JPN,2000,1270697900
Japan,JPN,2001,1243450900
Japan,JPN,2002,1267121700
Japan,JPN,2003,1274042500
Japan,JPN,2004,1265335600
Japan,JPN,2005,1275467300
Japan,JPN,2006,1260539900
Japan,JPN,2007,1290413000
Japan,JPN,2008,1222293600
Japan,JPN,2009,1150350800
Japan,JPN,2010,1201851600
Japan,JPN,2011,1254265200
Japan,JPN,2012,1297299700
Japan,JPN,2013,1308229000
Japan,JPN,2014,1258853500
Japan,JPN,2015,1218963700
Japan,JPN,2016,1197251200
Japan,JPN,2017,1183419400
Japan,JPN,2018,1141931400
Japan,JPN,2019,1104079200
Japan,JPN,2020,1041607040
Japan,JPN,2021,1064430660
Japan,JPN,2022,1034631600
Japan,JPN,2023,991808500
United Kingdom,GBR,1850,130885550
United Kingdom,GBR,1851,122127970
United Kingdom,GBR,1852,118571500
United Kingdom,GBR,1853,116942750
United Kingdom,GBR,1854,140098220
United Kingdom,GBR,1855,128794480
United Kingdom,GBR,1856,135698940
United Kingdom,GBR,1857,131617660
United Kingdom,GBR,1858,127313350
United Kingdom,GBR,1859,140390050
United Kingdom,GBR,1860,169348290
United Kingdom,GBR,1861,182989540
United Kingdom,GBR,1862,185691340
United Kingdom,GBR,1863,203981440
United Kingdom,GBR,1864,223593100
United Kingdom,GBR,1865,239685730
United Kingdom,GBR,1866,251339260
United Kingdom,GBR,1867,260679680
United Kingdom,GBR,1868,258324980
United Kingdom,GBR,1869,268306850
United Kingdom,GBR,1870,272912740
United Kingdom,GBR,1871,283312580
United Kingdom,GBR,1872,293100770
United Kingdom,GBR,1873,303759580
United Kingdom,GBR,1874,298047330
United Kingdom,GBR,1875,310430430
United Kingdom,GBR,1876,306823070
United Kingdom,GBR,1877,311558430
United Kingdom,GBR,1878,305876740
United Kingdom,GBR,1879,306471700
United Kingdom,GBR,1880,334582900
United Kingdom,GBR,1881,345010270
United Kingdom,GBR,1882,349469100
United Kingdom,GBR,1883,363172200
United Kingdom,GBR,1884,354043780
United Kingdom,GBR,1885,348156200
United Kingdom,GBR,1886,345856670
United Kingdom,GBR,1887,354669980
United Kingdom,GBR,1888,367716670
United Kingdom,GBR,1889,377220600
United Kingdom,GBR,1890,387813380
United Kingdom,GBR,1891,394292640
United Kingdom,GBR,1892,385161700
United Kingdom,GBR,1893,350837100
United Kingdom,GBR,1894,399046560
United Kingdom,GBR,1895,401386140
United Kingdom,GBR,1896,409397440
United Kingdom,GBR,1897,419925800
United Kingdom,GBR,1898,420346500
United Kingdom,GBR,1899,447456480
United Kingdom,GBR,1900,456808540
United Kingdom,GBR,1901,446331870
United Kingdom,GBR,1902,461156100
United Kingdom,GBR,1903,462773280
United Kingdom,GBR,1904,467433250
United Kingdom,GBR,1905,475218050
United Kingdom,GBR,1906,489567420
United Kingdom,GBR,1907,507366340
United Kingdom,GBR,1908,496276740
United Kingdom,GBR,1909,499907680
United Kingdom,GBR,1910,502831460
United Kingdom,GBR,1911,517565380
United Kingdom,GBR,1912,487158750
United Kingdom,GBR,1913,530960670
United Kingdom,GBR,1914,516159260
United Kingdom,GBR,1915,521812320
United Kingdom,GBR,1916,537354600
United Kingdom,GBR,1917,530722500
United Kingdom,GBR,1918,494052900
United Kingdom,GBR,1919,479772200
United Kingdom,GBR,1920,497622100
United Kingdom,GBR,1921,351014660
United Kingdom,GBR,1922,454130980
United Kingdom,GBR,1923,477809660
United Kingdom,GBR,1924,497761060
United Kingdom,GBR,1925,470841540
United Kingdom,GBR,1926,270657400
United Kingdom,GBR,1927,489450300
United Kingdom,GBR,1928,463510560
United Kingdom,GBR,1929,488560770
United Kingdom,GBR,1930,469410180
United Kingdom,GBR,1931,439173380
United Kingdom,GBR,1932,424009380
United Kingdom,GBR,1933,423833570
United Kingdom,GBR,1934,456742750
United Kingdom,GBR,1935,462246720
United Kingdom,GBR,1936,487280060
United Kingdom,GBR,1937,503428060
United Kingdom,GBR,1938,486319040
United Kingdom,GBR,1939,487127600
United Kingdom,GBR,1940,515122720
United Kingdom,GBR,1941,516271700
United Kingdom,GBR,1942,510493440
United Kingdom,GBR,1943,509460030
United Kingdom,GBR,1944,509783650
United Kingdom,GBR,1945,473560480
United Kingdom,GBR,1946,484905400
United Kingdom,GBR,1947,507260000
United Kingdom,GBR,1948,526304700
United Kingdom,GBR,1949,531705340
United Kingdom,GBR,1950,520639740
United Kingdom,GBR,1951,564300740
United Kingdom,GBR,1952,548907260
United Kingdom,GBR,1953,561039500
United Kingdom,GBR,1954,573306500
United Kingdom,GBR,1955,599164000
United Kingdom,GBR,1956,596862850
United Kingdom,GBR,1957,594514240
United Kingdom,GBR,1958,579603650
United Kingdom,GBR,1959,578276000
United Kingdom,GBR,1960,607166500
United Kingdom,GBR,1961,611376640
United Kingdom,GBR,1962,614382400
United Kingdom,GBR,1963,623901400
United Kingdom,GBR,1964,626388900
United Kingdom,GBR,1965,638885000
United Kingdom,GBR,1966,634624500
United Kingdom,GBR,1967,606322560
United Kingdom,GBR,1968,618991300
United Kingdom,GBR,1969,632710850
United Kingdom,GBR,1970,658214850
United Kingdom,GBR,1971,665231200
United Kingdom,GBR,1972,652208700
United Kingdom,GBR,1973,663373200
United Kingdom,GBR,1974,620603460
United Kingdom,GBR,1975,606883900
United Kingdom,GBR,1976,602166000
United Kingdom,GBR,1977,607859840
United Kingdom,GBR,1978,608404700
United Kingdom,GBR,1979,650585600
United Kingdom,GBR,1980,581803900
United Kingdom,GBR,1981,563081200
United Kingdom,GBR,1982,550113900
United Kingdom,GBR,1983,548656960
United Kingdom,GBR,1984,534313000
United Kingdom,GBR,1985,562457660
United Kingdom,GBR,1986,571567740
United Kingdom,GBR,1987,593510000
United Kingdom,GBR,1988,578688000
United Kingdom,GBR,1989,587068500
United Kingdom,GBR,1990,606147260
United Kingdom,GBR,1991,612229000
United Kingdom,GBR,1992,584677570
United Kingdom,GBR,1993,571761340
United Kingdom,GBR,1994,570281860
United Kingdom,GBR,1995,573660600
United Kingdom,GBR,1996,600330700
United Kingdom,GBR,1997,569168300
United Kingdom,GBR,1998,563731400
United Kingdom,GBR,1999,556150660
United Kingdom,GBR,2000,569831740
United Kingdom,GBR,2001,578020700
United Kingdom,GBR,2002,562197900
United Kingdom,GBR,2003,576095500
United Kingdom,GBR,2004,580123140
United Kingdom,GBR,2005,614030600
United Kingdom,GBR,2006,590124160
United Kingdom,GBR,2007,577820540
United Kingdom,GBR,2008,556176600
United Kingdom,GBR,2009,501749150
United Kingdom,GBR,2010,518772380
United Kingdom,GBR,2011,480395940
United Kingdom,GBR,2012,504512800
United Kingdom,GBR,2013,493524450
United Kingdom,GBR,2014,450839300
United Kingdom,GBR,2015,442374750
United Kingdom,GBR,2016,418571230
United Kingdom,GBR,2017,400950500
United Kingdom,GBR,2018,398572540
United Kingdom,GBR,2019,376257380
United Kingdom,GBR,2020,335360700
United Kingdom,GBR,2021,354358620
United Kingdom,GBR,2022,323597860
United Kingdom,GBR,2023,314674660
United States,USA,1850,817766500
United States,USA,1851,886429600
United States,USA,1852,941144260
United States,USA,1853,955220600
United States,USA,1854,996135500
United States,USA,1855,1012554400
United States,USA,1856,1044748100
United States,USA,1857,1058978700
United States,USA,1858,1090477800
United States,USA,1859,1133721300
United States,USA,1860,1010527900
United States,USA,1861,931204540
United States,USA,1862,920114800
United States,USA,1863,912625400
United States,USA,1864,884278900
United States,USA,1865,848275700
United States,USA,1866,851377800
United States,USA,1867,849900740
United States,USA,1868,846998850
United States,USA,1869,840445760
United States,USA,1870,1188442900
United States,USA,1871,1343872100
United States,USA,1872,1442288100
United States,USA,1873,1538274000
United States,USA,1874,1595745300
United States,USA,1875,1644320300
United States,USA,1876,1687006500
United States,USA,1877,1748099300
United States,USA,1878,1807416600
United States,USA,1879,1880973300
United States,USA,1880,1744485500
United States,USA,1881,1663688700
United States,USA,1882,1687811500
United States,USA,1883,1717097000
United States,USA,1884,1706616300
United States,USA,1885,1704188000
United States,USA,1886,1695449600
United States,USA,1887,1733902800
United States,USA,1888,1787657000
United States,USA,1889,1727287400
United States,USA,1890,1889153200
United States,USA,1891,1931827700
United States,USA,1892,1940512000
United States,USA,1893,1996728600
United States,USA,1894,1972571000
United States,USA,1895,2006778900
United States,USA,1896,2027918300
United States,USA,1897,2054867600
United States,USA,1898,2122760400
United States,USA,1899,2237756400
United States,USA,1900,2182681000
United States,USA,1901,2213640700
United States,USA,1902,2255126300
United States,USA,1903,2350209500
United States,USA,1904,2353262300
United States,USA,1905,2451017500
United States,USA,1906,2491239200
United States,USA,1907,2653670400
United States,USA,1908,2509761300
United States,USA,1909,2616264700
United States,USA,1910,2635159000
United States,USA,1911,2610548200
United States,USA,1912,2642402800
United States,USA,1913,2723076600
United States,USA,1914,2601122000
United States,USA,1915,2608667600
United States,USA,1916,2757056000
United States,USA,1917,2901976600
United States,USA,1918,2969492000
United States,USA,1919,2704539000
United States,USA,1920,2944816600
United States,USA,1921,2666785800
United States,USA,1922,2632874500
United States,USA,1923,3058308400
United States,USA,1924,2828103200
United States,USA,1925,2903954200
United States,USA,1926,3018699300
United States,USA,1927,2914531300
United States,USA,1928,2899730000
United States,USA,1929,2971949800
United States,USA,1930,2641228300
United States,USA,1931,2354383400
United States,USA,1932,2037957900
United States,USA,1933,2086243100
United States,USA,1934,2153054000
United States,USA,1935,2148806100
United States,USA,1936,2355414500
United States,USA,1937,2390647300
United States,USA,1938,2082145200
United States,USA,1939,2204406300
United States,USA,1940,2485913300
United States,USA,1941,2673835300
United States,USA,1942,2826689500
United States,USA,1943,2913564000
United States,USA,1944,3093162500
United States,USA,1945,3006418000
United States,USA,1946,2896347400
United States,USA,1947,3137380400
United States,USA,1948,3231226000
United States,USA,1949,2759617800
United States,USA,1950,3016505300
United States,USA,1951,3045045800
United States,USA,1952,2920673000
United States,USA,1953,2952133000
United States,USA,1954,2838406700
United States,USA,1955,3050202400
United States,USA,1956,3165813500
United States,USA,1957,3117672000
United States,USA,1958,3018379800
United States,USA,1959,3034667500
United States,USA,1960,3096370000
United States,USA,1961,2955964700
United States,USA,1962,3210978000
United States,USA,1963,3251466800
United States,USA,1964,3339732500
United States,USA,1965,3448212000
United States,USA,1966,3589840400
United States,USA,1967,4192618000
United States,USA,1968,4639372300
United States,USA,1969,4460920000
United States,USA,1970,4677410300
United States,USA,1971,4636537300
United States,USA,1972,4821756400
United States,USA,1973,4984214000
United States,USA,1974,4811479000
United States,USA,1975,4663083500
United States,USA,1976,4955296300
United States,USA,1977,5222548500
United States,USA,1978,5192131600
United States,USA,1979,5242936000
United States,USA,1980,5073771000
United States,USA,1981,4946007600
United States,USA,1982,4700623000
United States,USA,1983,4705079000
United States,USA,1984,4942934500
United States,USA,1985,4939721700
United States,USA,1986,4880515000
United States,USA,1987,5083933700
United States,USA,1988,5323609600
United States,USA,1989,5402091500
United States,USA,1990,5407962000
United States,USA,1991,5296487400
United States,USA,1992,5358079000
United States,USA,1993,5441001500
United States,USA,1994,5579422000
United States,USA,1995,5525469000
United States,USA,1996,5692734500
United States,USA,1997,5785296000
United States,USA,1998,5848112600
United States,USA,1999,5955408400
United States,USA,2000,6150625300
United States,USA,2001,5953308700
United States,USA,2002,5948879400
United States,USA,2003,6068595700
United States,USA,2004,6106302500
United States,USA,2005,6177962500
United States,USA,2006,6013131300
United States,USA,2007,6071847400
United States,USA,2008,5905518600
United States,USA,2009,5410841000
United States,USA,2010,5665739300
United States,USA,2011,5452748300
United States,USA,2012,5361917000
United States,USA,2013,5441960000
United States,USA,2014,5584692700
United States,USA,2015,5409787400
United States,USA,2016,5328277500
United States,USA,2017,5338259500
United States,USA,2018,5450898000
United States,USA,2019,5320308000
United States,USA,2020,4772611600
United States,USA,2021,5125842400
United States,USA,2022,5181144000
United States,USA,2023,5027099600
